{"stats":{"minecraft:custom":{"minecraft:jump":22,"minecraft:time_since_rest":4475,"minecraft:crouch_one_cm":1574,"minecraft:sprint_one_cm":4738,"minecraft:play_time":4475,"minecraft:damage_taken":50,"minecraft:time_since_death":4475,"minecraft:walk_one_cm":11804,"minecraft:sneak_time":195,"minecraft:total_world_time":4475,"minecraft:fall_one_cm":2070,"minecraft:fly_one_cm":5538},"minecraft:picked_up":{"minecraft:spruce_sapling":1,"minecraft:spruce_log":1,"minecraft:dirt":3},"minecraft:used":{"minecraft:dirt":3,"minecraft:spruce_log":1,"minecraft:spruce_sapling":1},"minecraft:mined":{"minecraft:spruce_leaves":2,"minecraft:spruce_log":1,"minecraft:grass_block":3}},"DataVersion":3465}