{"stats":{"minecraft:killed":{"minecraft:pig":1},"minecraft:picked_up":{"minecraft:wheat_seeds":1,"minecraft:porkchop":3,"minecraft:spruce_sapling":1,"minecraft:spruce_log":1,"minecraft:dirt":4},"minecraft:mined":{"minecraft:grass":6,"minecraft:grass_block":4,"minecraft:tall_grass":8,"minecraft:spruce_log":1,"minecraft:spruce_leaves":2},"minecraft:used":{"minecraft:turtle_spawn_egg":1,"wom:agony":4,"minecraft:sand":136,"minecraft:dirt":4,"minecraft:spruce_log":1,"minecraft:spruce_sapling":1},"minecraft:custom":{"minecraft:time_since_rest":23116,"minecraft:crouch_one_cm":7984,"minecraft:sprint_one_cm":27459,"minecraft:play_time":23116,"minecraft:damage_taken":50,"minecraft:walk_one_cm":57545,"minecraft:sneak_time":924,"minecraft:walk_under_water_one_cm":822,"minecraft:mob_kills":1,"minecraft:drop":1,"minecraft:damage_dealt_resisted":0,"minecraft:jump":253,"minecraft:damage_dealt":539,"minecraft:leave_game":3,"minecraft:walk_on_water_one_cm":661,"minecraft:time_since_death":23116,"minecraft:total_world_time":23116,"minecraft:fall_one_cm":6180,"minecraft:fly_one_cm":72291},"minecraft:dropped":{"minecraft:wheat_seeds":1}},"DataVersion":3465}