{"stats":{"minecraft:custom":{"minecraft:time_since_rest":13833,"minecraft:crouch_one_cm":4728,"minecraft:sprint_one_cm":24598,"minecraft:play_time":13833,"minecraft:damage_taken":50,"minecraft:walk_one_cm":26141,"minecraft:sneak_time":537,"minecraft:walk_under_water_one_cm":822,"minecraft:drop":1,"minecraft:jump":200,"minecraft:damage_dealt":115,"minecraft:leave_game":2,"minecraft:walk_on_water_one_cm":553,"minecraft:time_since_death":13833,"minecraft:total_world_time":13833,"minecraft:fall_one_cm":6180,"minecraft:fly_one_cm":59388},"minecraft:picked_up":{"minecraft:wheat_seeds":1,"minecraft:spruce_sapling":1,"minecraft:spruce_log":1,"minecraft:dirt":4},"minecraft:used":{"minecraft:dirt":4,"minecraft:spruce_log":1,"minecraft:spruce_sapling":1},"minecraft:mined":{"minecraft:grass":6,"minecraft:grass_block":4,"minecraft:tall_grass":8,"minecraft:spruce_log":1,"minecraft:spruce_leaves":2},"minecraft:dropped":{"minecraft:wheat_seeds":1}},"DataVersion":3465}